BRAND,adj,QUESTION
Empreinte,Histoire de la marque de lingerie et sous-vêtements,Histoire de la marque de lingerie et sous-vêtements Empreinte
Triumph,Histoire de la marque de lingerie et sous-vêtements,Histoire de la marque de lingerie et sous-vêtements Triumph
Athena,Histoire de la marque de lingerie et sous-vêtements,Histoire de la marque de lingerie et sous-vêtements Athena
Lise Charmel,Histoire de la marque de lingerie et sous-vêtements,Histoire de la marque de lingerie et sous-vêtements Lise Charmel
Marie Jo,Histoire de la marque de lingerie et sous-vêtements,Histoire de la marque de lingerie et sous-vêtements Marie Jo
Freya,Histoire de la marque de lingerie et sous-vêtements,Histoire de la marque de lingerie et sous-vêtements Freya
Simone Perele,Histoire de la marque de lingerie et sous-vêtements,Histoire de la marque de lingerie et sous-vêtements Simone Perele
Sloggi,Histoire de la marque de lingerie et sous-vêtements,Histoire de la marque de lingerie et sous-vêtements Sloggi
Oscalito,Histoire de la marque de lingerie et sous-vêtements,Histoire de la marque de lingerie et sous-vêtements Oscalito
Aubade,Histoire de la marque de lingerie et sous-vêtements,Histoire de la marque de lingerie et sous-vêtements Aubade
Anita,Histoire de la marque de lingerie et sous-vêtements,Histoire de la marque de lingerie et sous-vêtements Anita
Rosa Faia,Histoire de la marque de lingerie et sous-vêtements,Histoire de la marque de lingerie et sous-vêtements Rosa Faia
Eminence,Histoire de la marque de lingerie et sous-vêtements,Histoire de la marque de lingerie et sous-vêtements Eminence
Wacoal,Histoire de la marque de lingerie et sous-vêtements,Histoire de la marque de lingerie et sous-vêtements Wacoal
HOM,Histoire de la marque de lingerie et sous-vêtements,Histoire de la marque de lingerie et sous-vêtements HOM
Chantelle,Histoire de la marque de lingerie et sous-vêtements,Histoire de la marque de lingerie et sous-vêtements Chantelle
Moretta,Histoire de la marque de lingerie et sous-vêtements,Histoire de la marque de lingerie et sous-vêtements Moretta
Maison Lejaby,Histoire de la marque de lingerie et sous-vêtements,Histoire de la marque de lingerie et sous-vêtements Maison Lejaby
Zsport,Histoire de la marque de lingerie et sous-vêtements,Histoire de la marque de lingerie et sous-vêtements Zsport
Sloggi For Men,Histoire de la marque de lingerie et sous-vêtements,Histoire de la marque de lingerie et sous-vêtements Sloggi For Men
Sans Complexe Lingerie,Histoire de la marque de lingerie et sous-vêtements,Histoire de la marque de lingerie et sous-vêtements Sans Complexe Lingerie
Prima Donna Twist,Histoire de la marque de lingerie et sous-vêtements,Histoire de la marque de lingerie et sous-vêtements Prima Donna Twist
Antigel,Histoire de la marque de lingerie et sous-vêtements,Histoire de la marque de lingerie et sous-vêtements Antigel
Prima Donna,Histoire de la marque de lingerie et sous-vêtements,Histoire de la marque de lingerie et sous-vêtements Prima Donna
Eden Park,Histoire de la marque de lingerie et sous-vêtements,Histoire de la marque de lingerie et sous-vêtements Eden Park
Prima Donna Bain,Histoire de la marque de lingerie et sous-vêtements,Histoire de la marque de lingerie et sous-vêtements Prima Donna Bain
Arthur,Histoire de la marque de lingerie et sous-vêtements,Histoire de la marque de lingerie et sous-vêtements Arthur
Massana,Histoire de la marque de lingerie et sous-vêtements,Histoire de la marque de lingerie et sous-vêtements Massana
Aubade Men,Histoire de la marque de lingerie et sous-vêtements,Histoire de la marque de lingerie et sous-vêtements Aubade Men
Impetus,Histoire de la marque de lingerie et sous-vêtements,Histoire de la marque de lingerie et sous-vêtements Impetus
Calida,Histoire de la marque de lingerie et sous-vêtements,Histoire de la marque de lingerie et sous-vêtements Calida
Adidas,Histoire de la marque de lingerie et sous-vêtements,Histoire de la marque de lingerie et sous-vêtements Adidas
Le Chat,Histoire de la marque de lingerie et sous-vêtements,Histoire de la marque de lingerie et sous-vêtements Le Chat
Louisa Bracq,Histoire de la marque de lingerie et sous-vêtements,Histoire de la marque de lingerie et sous-vêtements Louisa Bracq
Saxx,Histoire de la marque de lingerie et sous-vêtements,Histoire de la marque de lingerie et sous-vêtements Saxx
Emporio Armani,Histoire de la marque de lingerie et sous-vêtements,Histoire de la marque de lingerie et sous-vêtements Emporio Armani
Marjolaine,Histoire de la marque de lingerie et sous-vêtements,Histoire de la marque de lingerie et sous-vêtements Marjolaine
Maison Broussaud,Histoire de la marque de lingerie et sous-vêtements,Histoire de la marque de lingerie et sous-vêtements Maison Broussaud
Mariner,Histoire de la marque de lingerie et sous-vêtements,Histoire de la marque de lingerie et sous-vêtements Mariner
Janira,Histoire de la marque de lingerie et sous-vêtements,Histoire de la marque de lingerie et sous-vêtements Janira
Le Slip Français,Histoire de la marque de lingerie et sous-vêtements,Histoire de la marque de lingerie et sous-vêtements Le Slip Français